street,street_number,tree_no,species,page_number,source_file
Zaran Crs,3002,1,Blank,1,Zaran-Zech Place.pdf
Zaran Crs,3002,2,Colorado Spruce,1,Zaran-Zech Place.pdf
Zaran Crs,3002,3,Blank,1,Zaran-Zech Place.pdf
Zaran Crs,3006,1,Blank,1,Zaran-Zech Place.pdf
Zaran Crs,3006,2,Amur Cherry,1,Zaran-Zech Place.pdf
Zaran Crs,3010,1,Colorado Spruce,1,Zaran-Zech Place.pdf
Zaran Crs,3014,1,Amur Cherry,1,Zaran-Zech Place.pdf
Zaran Crs,3018,1,Blank,1,Zaran-Zech Place.pdf
Zaran Crs,3022,1,Blank,1,Zaran-Zech Place.pdf
Zaran Crs,3026,1,Green Ash,1,Zaran-Zech Place.pdf
Zaran Crs,3030,1,Amur Cherry,1,Zaran-Zech Place.pdf
Zaran Crs,3030,2,Blank,1,Zaran-Zech Place.pdf
Zaran Crs,3034,1,Amur Cherry,1,Zaran-Zech Place.pdf
Zaran Crs,3038,1,Amur Cherry,1,Zaran-Zech Place.pdf
Zaran Crs,3042,1,Amur Cherry,1,Zaran-Zech Place.pdf
Zaran Crs,3046,1,Amur Cherry,1,Zaran-Zech Place.pdf
Zaran Crs,3050,1,Green Ash,1,Zaran-Zech Place.pdf
Zaran Crs,3054,1,Amur Cherry,1,Zaran-Zech Place.pdf
Zaran Crs,3058,1,Green Ash,1,Zaran-Zech Place.pdf
Zaran Crs,3062,1,Blank,1,Zaran-Zech Place.pdf
Zaran Crs,3062,2,Colorado Spruce,1,Zaran-Zech Place.pdf
Zaran Crs,3066,1,Colorado Spruce,1,Zaran-Zech Place.pdf
Zaran Crs,3070,1,Amur Cherry,1,Zaran-Zech Place.pdf
Zaran Crs,3074,1,Amur Cherry,1,Zaran-Zech Place.pdf
Zaran Crs,3078,1,Colorado Spruce,1,Zaran-Zech Place.pdf
Zaran Crs,3082,1,Green Ash,1,Zaran-Zech Place.pdf
Zaran Crs,3086,1,Colorado Spruce,1,Zaran-Zech Place.pdf
Zaran Crs,3090,1,Colorado Spruce,1,Zaran-Zech Place.pdf
Zaran Crs,3090,2,Amur Cherry,1,Zaran-Zech Place.pdf
Zaran Crs,3090,3,Blank,1,Zaran-Zech Place.pdf
Zaran Ct,3027,1,Colorado Spruce,2,Zaran-Zech Place.pdf
Zaran Ct,3027,2,Green Ash,2,Zaran-Zech Place.pdf
Zaran Ct,3031,1,Green Ash,2,Zaran-Zech Place.pdf
Zaran Ct,3031,2,Blank,2,Zaran-Zech Place.pdf
Zaran Ct,3035,1,Green Ash,2,Zaran-Zech Place.pdf
Zaran Ct,3039,1,Green Ash,2,Zaran-Zech Place.pdf
Zaran Ct,3043,1,Blank,2,Zaran-Zech Place.pdf
Zaran Ct,3047,1,Green Ash,2,Zaran-Zech Place.pdf
Zaran Ct,3047,2,Blank,2,Zaran-Zech Place.pdf
Zaran Ct,3051,1,Green Ash,2,Zaran-Zech Place.pdf
Zaran Ct,3055,1,Colorado Spruce,2,Zaran-Zech Place.pdf
Zaran Ct,3059,1,Colorado Spruce,2,Zaran-Zech Place.pdf
Zaran Ct,3059,2,Amur Cherry,2,Zaran-Zech Place.pdf
Zaran Ct,3059,3,Blank,2,Zaran-Zech Place.pdf
Zech Place,3103,1,Blank,3,Zaran-Zech Place.pdf
Zech Place,3103,2,Blank,3,Zaran-Zech Place.pdf
Zech Place,3103,3,Blank,3,Zaran-Zech Place.pdf
Zech Place,3107,1,Amur Cherry,3,Zaran-Zech Place.pdf
Zech Place,3111,1,Green Ash,3,Zaran-Zech Place.pdf
Zech Place,3115,1,Colorado Spruce,3,Zaran-Zech Place.pdf
Zech Place,3119,1,Colorado Spruce,3,Zaran-Zech Place.pdf
Zech Place,3123,1,Amur Cherry,3,Zaran-Zech Place.pdf
Zech Place,3127,1,Amur Cherry,3,Zaran-Zech Place.pdf
Zech Place,3131,1,Amur Cherry,3,Zaran-Zech Place.pdf
Zech Place,3135,1,Green Ash,3,Zaran-Zech Place.pdf
Zech Place,3139,1,Blank,3,Zaran-Zech Place.pdf
Zech Place,3143,1,Blank,3,Zaran-Zech Place.pdf
Zech Place,3147,1,Blank,3,Zaran-Zech Place.pdf
Zech Place,3151,1,Blank,3,Zaran-Zech Place.pdf
Zech Place,3155,1,Blank,3,Zaran-Zech Place.pdf
Zech Place,3159,1,Amur Cherry,3,Zaran-Zech Place.pdf
Zech Place,3163,1,Amur Cherry,3,Zaran-Zech Place.pdf
Zech Place,3167,1,Colorado Spruce,3,Zaran-Zech Place.pdf
Zech Place,3167,2,Green Ash,3,Zaran-Zech Place.pdf
